{"x_pos": 8.352, "y_pos": 1.878, "z_pos": 128.7, "pitch": 0.01960004749989632, "yaw": 0.0068591439603377154, "roll": 1.5687193849850234}