{"x_pos": 133.037, "y_pos": 3.604, "z_pos": 11.048, "pitch": 1.5415795151165115, "yaw": 0.01457349925415265, "roll": 1.5936601399960224}